Umur,Jenis Kelamin,Wilayah,Lembaga,Tanggapan
8 sampai 11 tahun,Perempuan,Sibolga Utara,WVI,Takut kerena banjir
8 sampai 11 tahun,Perempuan,Sibolga Utara,WVI,Takut
8 sampai 11 tahun,Perempuan,Sibolga Utara,WVI,Cemas
8 sampai 11 tahun,Perempuan,Sibolga Utara,WVI,Lari
8 sampai 11 tahun,Perempuan,Sibolga Utara,WVI,"Menyelamatkan adik, ibu, ayah, dan diri sendiri"
8 sampai 11 tahun,Perempuan,Sibolga Utara,WVI,Takut
8 sampai 11 tahun,Perempuan,Sibolga Utara,WVI,aku mau lari ke posko
8 sampai 11 tahun,Perempuan,Sibolga Utara,WVI,Cemas
8 sampai 11 tahun,Perempuan,Sibolga Utara,WVI,"Menyelamatkan adik, mama, dan bapak"
8 sampai 11 tahun,Perempuan,Sibolga Utara,WVI,"Takut, cemas"
8 sampai 11 tahun,Perempuan,Sibolga Utara,WVI,Takut longsor
8 sampai 11 tahun,Perempuan,Sibolga Utara,WVI,Seram
8 sampai 11 tahun,Perempuan,Sibolga Utara,WVI,Takut
8 sampai 11 tahun,Perempuan,Sibolga Utara,WVI,Cemas
8 sampai 11 tahun,Perempuan,Sibolga Utara,WVI,Lari
8 sampai 11 tahun,Perempuan,Sibolga Utara,WVI,Kulihat rumah dibawa air yang deras
8 sampai 11 tahun,Perempuan,Sibolga Utara,WVI,Kulihat pohon yang besar dibawa air juga
8 sampai 11 tahun,Perempuan,Sibolga Utara,WVI,"Sebelumnya rumah masih kokoh berdiri, lalu setelah banjir rumah bergeser karena air dan tanah, lalu roboh"
8 sampai 11 tahun,Perempuan,Sibolga Utara,WVI,Banyak bebatuan yang dating
8 sampai 11 tahun,Perempuan,Sibolga Utara,WVI,Kondisi air dan sungai berubah
8 sampai 11 tahun,Perempuan,Sibolga Utara,WVI,Rumah hancur
8 sampai 11 tahun,Perempuan,Sibolga Utara,WVI,"Kayu, batu, sampah, sungai hancur, pasir, dan longsor"
8 sampai 11 tahun,Perempuan,Sibolga Utara,WVI,Banyak orang terluka
8 sampai 11 tahun,Perempuan,Sibolga Utara,WVI,"Sebelum bencana banjir kondisinya indah, banyak tanaman, bunga-bunga, lalu setelah banjir banyak kayu, batu, rumah hancur dan tidak indah lagi"
8 sampai 11 tahun,Perempuan,Sibolga Utara,WVI,Suara hujan
8 sampai 11 tahun,Perempuan,Sibolga Utara,WVI,Suara petir
8 sampai 11 tahun,Perempuan,Sibolga Utara,WVI,Suara air
8 sampai 11 tahun,Perempuan,Sibolga Utara,WVI,Suara angin
8 sampai 11 tahun,Perempuan,Sibolga Utara,WVI,Suara batu
8 sampai 11 tahun,Perempuan,Sibolga Utara,WVI,Saya mendengar suara hujan deras
8 sampai 11 tahun,Perempuan,Sibolga Utara,WVI,Saya mendengar suara air deras
8 sampai 11 tahun,Perempuan,Sibolga Utara,WVI,Saya mendengar suara banjir menghancurkan rumah
8 sampai 11 tahun,Perempuan,Sibolga Utara,WVI,Saya mendengar suara rumah roboh dan hanyut dibawa air
8 sampai 11 tahun,Perempuan,Sibolga Utara,WVI,Suara kayu
8 sampai 11 tahun,Perempuan,Sibolga Utara,WVI,Suara air
8 sampai 11 tahun,Perempuan,Sibolga Utara,WVI,"Aku bertemu sama teman-teman, aku bercerita tentang banjir"
8 sampai 11 tahun,Perempuan,Sibolga Utara,WVI,Aku minum air putih
8 sampai 11 tahun,Perempuan,Sibolga Utara,WVI,Aku makan nasi dan supermi
8 sampai 11 tahun,Perempuan,Sibolga Utara,WVI,"Cerita dengan teman, saudara, orangrua, dan keluarga lain"
8 sampai 11 tahun,Perempuan,Sibolga Utara,WVI,"Makan mie, telur, kerupuk, dan air"
8 sampai 11 tahun,Perempuan,Sibolga Utara,WVI,Ingin bertemu teman dan menceritakan sama teman
8 sampai 11 tahun,Perempuan,Sibolga Utara,WVI,Ingin bertemu nenek dan orangtua untuk bercerita
8 sampai 11 tahun,Perempuan,Sibolga Utara,WVI,Saya merasa tidak nyaman makan ikan lele
8 sampai 11 tahun,Perempuan,Sibolga Utara,WVI,Saya merasa tidak nyaman minum air putih
8 sampai 11 tahun,Perempuan,Sibolga Utara,WVI,Makan supermi
8 sampai 11 tahun,Perempuan,Sibolga Utara,WVI,Cerita ke teman
8 sampai 11 tahun,Perempuan,Sibolga Utara,WVI,Makan mie dan merasa takut sakit perut
8 sampai 11 tahun,Perempuan,Sibolga Utara,WVI,Minum air putih
8 sampai 11 tahun,Perempuan,Sibolga Utara,WVI,Sakit bahuku
8 sampai 11 tahun,Perempuan,Sibolga Utara,WVI,Kali lari sakit kali bahuku
8 sampai 11 tahun,Perempuan,Sibolga Utara,WVI,Capek
8 sampai 11 tahun,Perempuan,Sibolga Utara,WVI,Sakit
8 sampai 11 tahun,Perempuan,Sibolga Utara,WVI,Keringat
8 sampai 11 tahun,Perempuan,Sibolga Utara,WVI,Pegal
8 sampai 11 tahun,Perempuan,Sibolga Utara,WVI,Gatal-gatal
8 sampai 11 tahun,Perempuan,Sibolga Utara,WVI,Pegal
8 sampai 11 tahun,Perempuan,Sibolga Utara,WVI,Sakit
8 sampai 11 tahun,Perempuan,Sibolga Utara,WVI,Kecapean
8 sampai 11 tahun,Perempuan,Sibolga Utara,WVI,Sakit pegal
8 sampai 11 tahun,Perempuan,Sibolga Utara,WVI,"Merasa sedih, takut, khawatir, tidak senang hancur"
8 sampai 11 tahun,Perempuan,Sibolga Utara,WVI,Saya merasa hancur karena rumah tidak berdiri kokoh
8 sampai 11 tahun,Perempuan,Sibolga Utara,WVI,"Saya merasa tidak nyaman kalau datang hujan, petir, badai"
8 sampai 11 tahun,Perempuan,Sibolga Utara,WVI,Sedih karena rumah teman hancur
8 sampai 11 tahun,Perempuan,Sibolga Utara,WVI,Sakit hati karena rumah guruku hancur
8 sampai 11 tahun,Perempuan,Sibolga Utara,WVI,Aku tidak senang karena rumah tetangga hancur
8 sampai 11 tahun,Perempuan,Sibolga Utara,WVI,"Sedih, takut, khawatir, tidak senang"
8 sampai 11 tahun,Perempuan,Sibolga Utara,WVI,Sakit perut
8 sampai 11 tahun,Perempuan,Sibolga Utara,WVI,Sakit pinggang
8 sampai 11 tahun,Perempuan,Sibolga Utara,WVI,Ingin tidur karena pinggang sakit
8 sampai 11 tahun,Perempuan,Sibolga Utara,WVI,Sakit perut karena berlari
8 sampai 11 tahun,Perempuan,Sibolga Utara,WVI,Sakit perut karena tidak makan pagi
8 sampai 11 tahun,Perempuan,Sibolga Utara,WVI,"Sakit pegal, capek"
8 sampai 11 tahun,Perempuan,Sibolga Utara,WVI,"Pinggang sakit, pegal"
8 sampai 11 tahun,Perempuan,Sibolga Utara,WVI,Gatal
8 sampai 11 tahun,Perempuan,Sibolga Utara,WVI,Pinggang terasa sakitt karena pegal
8 sampai 11 tahun,Perempuan,Sibolga Utara,WVI,Main HP
8 sampai 11 tahun,Perempuan,Sibolga Utara,WVI,Makan
8 sampai 11 tahun,Perempuan,Sibolga Utara,WVI,Minum
8 sampai 11 tahun,Perempuan,Sibolga Utara,WVI,Bersih-bersih rumah
8 sampai 11 tahun,Perempuan,Sibolga Utara,WVI,Cebok
8 sampai 11 tahun,Perempuan,Sibolga Utara,WVI,"Belajar/menulis, dll"
8 sampai 11 tahun,Perempuan,Sibolga Utara,WVI,Makan
8 sampai 11 tahun,Perempuan,Sibolga Utara,WVI,Belajar
8 sampai 11 tahun,Perempuan,Sibolga Utara,WVI,Main game
8 sampai 11 tahun,Perempuan,Sibolga Utara,WVI,Main bola
8 sampai 11 tahun,Perempuan,Sibolga Utara,WVI,Minum
8 sampai 11 tahun,Perempuan,Sibolga Utara,WVI,Makan
8 sampai 11 tahun,Perempuan,Sibolga Utara,WVI,Cuci piring
8 sampai 11 tahun,Perempuan,Sibolga Utara,WVI,Angkat air
8 sampai 11 tahun,Perempuan,Sibolga Utara,WVI,Mandi
8 sampai 11 tahun,Perempuan,Sibolga Utara,WVI,Makan
8 sampai 11 tahun,Perempuan,Sibolga Utara,WVI,Makan
8 sampai 11 tahun,Perempuan,Sibolga Utara,WVI,Menolong
8 sampai 11 tahun,Perempuan,Sibolga Utara,WVI,Belajar
8 sampai 11 tahun,Perempuan,Sibolga Utara,WVI,Membersihkan rumah
8 sampai 11 tahun,Perempuan,Sibolga Utara,WVI,"Untuk lari-lari, jalan, membantu orang, untuk merasakan sakit"
8 sampai 11 tahun,Perempuan,Sibolga Utara,WVI,"Main-main, menendang, memijak, berjalan, dance"
8 sampai 11 tahun,Perempuan,Sibolga Utara,WVI,"Kakiku terasa sakit, untuk lari, untuk main-main"
8 sampai 11 tahun,Perempuan,Sibolga Utara,WVI,"Lari, main-main, jalan"
8 sampai 11 tahun,Laki laki,Sibolga Utara,WVI,Takut lalu kami lari ke hutan lalu tidur di kuburan
8 sampai 11 tahun,Laki laki,Sibolga Utara,WVI,"Saya takut saat banjir dating aku nangis ketakutan, dan aku lari bersama teman dan keluarga. Sebelumnya hujan deras, olehkarena itu saya tidak sekolah"
8 sampai 11 tahun,Laki laki,Sibolga Utara,WVI,"Aku lari ketempat aman, aku tidak ke sekolah, aku lari ke zona aman"
8 sampai 11 tahun,Laki laki,Sibolga Utara,WVI,"Takut, sedih, cemas"
8 sampai 11 tahun,Laki laki,Sibolga Utara,WVI,Saya takut air  deras karena saya takut ayah saya di laut ketakutan dan saya berlari kencang dan selamat
8 sampai 11 tahun,Laki laki,Sibolga Utara,WVI,"Melihat kayu, batu, pasir, dan tanah"
8 sampai 11 tahun,Laki laki,Sibolga Utara,WVI,"Aku melihat banjir dan melihat kayu tumbang, lalu air besar sekali, dan pohon tumbang"
8 sampai 11 tahun,Laki laki,Sibolga Utara,WVI,"Kayu tumbang batu bersuara, dan gelap gulita"
8 sampai 11 tahun,Laki laki,Sibolga Utara,WVI,"Waktu sudah kejadian aku melihat ada yang berbeda seperti rumah yang ada, sudah tidak ada dan jalan rusak, sungai semakin rendah dan jorok"
8 sampai 11 tahun,Laki laki,Sibolga Utara,WVI,Air besar dan berwarna batu hilang dan suasana buruk dan pemandangan aneh dan mengerikan sampai hancur rumah dan pohon tumbang manusia terderet di air besar dan dasyat.
8 sampai 11 tahun,Laki laki,Sibolga Utara,WVI,"Suara yang membuat saya takut adalah suara hujan deras, angin kencang, suara air sungai yang membesar dan suara petir"
8 sampai 11 tahun,Laki laki,Sibolga Utara,WVI,"Suara batu, petir dan banjir"
8 sampai 11 tahun,Laki laki,Sibolga Utara,WVI,"Suara batu, suara petir, dan suara angin"
8 sampai 11 tahun,Laki laki,Sibolga Utara,WVI,"Saya mendengar hujan deras, suara batu, dan petir banjir air besar dan air mengerikan"
8 sampai 11 tahun,Laki laki,Sibolga Utara,WVI,"Suara batu, hujan, petir dan angin kencang"
8 sampai 11 tahun,Laki laki,Sibolga Utara,WVI,Aku mendengar hujan dan kayu pertumbangan aku ketakutan
8 sampai 11 tahun,Laki laki,Sibolga Utara,WVI,"Bertemu dengan Tuhan dan makan ayam, ikan sambal kecap dan kerupuk"
8 sampai 11 tahun,Laki laki,Sibolga Utara,WVI,Mama
8 sampai 11 tahun,Laki laki,Sibolga Utara,WVI,Aku ketemu kawanku dan makan indomie kesukaanku
8 sampai 11 tahun,Laki laki,Sibolga Utara,WVI,"Saya pernah makan nasi goreng, air putih da saya pernah cerita tentang saya Tuhan di dalam hati dengan keluarga"
8 sampai 11 tahun,Laki laki,Sibolga Utara,WVI,"Kakak ( Cerita Banjir), makan roti dan nasi"
8 sampai 11 tahun,Laki laki,Sibolga Utara,WVI,Saya berdoa kepada Tuhan agar kami di selamatkan dari Bencana pada saat itu kami makan mie dan aku ingin bertemu dengan teman
8 sampai 11 tahun,Laki laki,Sibolga Utara,WVI,Bahu saya sakit karena air besar dan saya pun merasa kesakitan seperti patah pinggang
8 sampai 11 tahun,Laki laki,Sibolga Utara,WVI,Sakit dan pegal
8 sampai 11 tahun,Laki laki,Sibolga Utara,WVI,"Bahu saya terjadi sakit, lemas dan pegal"
8 sampai 11 tahun,Laki laki,Sibolga Utara,WVI,Kesakitan karena tertimpa longsor
8 sampai 11 tahun,Laki laki,Sibolga Utara,WVI,Sakit hampir kenak kayu dan pegal
8 sampai 11 tahun,Laki laki,Sibolga Utara,WVI,Dingin sakit bahu ingin di kusuk
8 sampai 11 tahun,Laki laki,Sibolga Utara,WVI,Hati saya sedh dan hancur hati dan marah sedikit
8 sampai 11 tahun,Laki laki,Sibolga Utara,WVI,"Takit, sedih, dan tidak senang"
8 sampai 11 tahun,Laki laki,Sibolga Utara,WVI,Aku sedih mendengar rumah kawanku hancur
8 sampai 11 tahun,Laki laki,Sibolga Utara,WVI,Sakit ingin mati dan ingin melihat rumah tapi tidak bisa
8 sampai 11 tahun,Laki laki,Sibolga Utara,WVI,"Sedih, tidak senang dan takut"
8 sampai 11 tahun,Laki laki,Sibolga Utara,WVI,Sesudah bencana hati saya merasa sedh dan takut saya sedih melihat rumah dan jalan hancur
8 sampai 11 tahun,Laki laki,Sibolga Utara,WVI,Saya merasa pinggang saya sakit dan pegal dan perut saya terasa lapar dan sakit
8 sampai 11 tahun,Laki laki,Sibolga Utara,WVI,"Pinggang hampir patah, perut sakit ingin buang air besar tapi tidak bisa"
8 sampai 11 tahun,Laki laki,Sibolga Utara,WVI,Sakit perut
8 sampai 11 tahun,Laki laki,Sibolga Utara,WVI,"Pinggangku sakit, perutku kesakitan dan aku menangis"
8 sampai 11 tahun,Laki laki,Sibolga Utara,WVI,Saya sakit perut karena saya buang air besar
8 sampai 11 tahun,Laki laki,Sibolga Utara,WVI,Tangan kesakitan sekali
8 sampai 11 tahun,Laki laki,Sibolga Utara,WVI,Baru kesakitan dan tidak bisa bergerak
8 sampai 11 tahun,Laki laki,Sibolga Utara,WVI,Sakit dan kedinginan
8 sampai 11 tahun,Laki laki,Sibolga Utara,WVI,"Tangan saya untuk makan, mandi, main game, dan disuruh oleh mama dan bapak"
8 sampai 11 tahun,Laki laki,Sibolga Utara,WVI,"Makan, mandi, main game, dan cebok"
8 sampai 11 tahun,Laki laki,Sibolga Utara,WVI,"Buat makan, minum es, dan mengambil sesuatu"
8 sampai 11 tahun,Laki laki,Sibolga Utara,WVI,Angkat air dan main
8 sampai 11 tahun,Laki laki,Sibolga Utara,WVI,Kakiku kesakitan maling barang
8 sampai 11 tahun,Laki laki,Sibolga Utara,WVI,Lari terinjak paku
8 sampai 11 tahun,Laki laki,Sibolga Utara,WVI,Untuk jalan-jalan
8 sampai 11 tahun,Laki laki,Sibolga Utara,WVI,Untuk menendang bola dan jalan kemana-mana
8 sampai 11 tahun,Laki laki,Sibolga Utara,WVI,Kaki saya sakit karena kecapean dan saya istirahat dengan kaki saya
8 sampai 11 tahun,Laki laki,Sibolga Utara,WVI,Lari
12 sampai 15 tahun,Perempuan,Sibolga Utara,WVI,Takut
12 sampai 15 tahun,Perempuan,Sibolga Utara,WVI,Sedih
12 sampai 15 tahun,Perempuan,Sibolga Utara,WVI,Cemas
12 sampai 15 tahun,Perempuan,Sibolga Utara,WVI,Nangis
12 sampai 15 tahun,Perempuan,Sibolga Utara,WVI,"Saya merasakan takut, sedih, cemas"
12 sampai 15 tahun,Perempuan,Sibolga Utara,WVI,"Saat dating banjir atau longsor di pikiran saya merasa takut, cemas, dan lain-lainnya"
12 sampai 15 tahun,Perempuan,Sibolga Utara,WVI,Takut dan pusing memikirkan rumah rusak
12 sampai 15 tahun,Perempuan,Sibolga Utara,WVI,"Takut longsor, takut air besar, takut kehilangan orang tua"
12 sampai 15 tahun,Perempuan,Sibolga Utara,WVI,Rumah roboh
12 sampai 15 tahun,Perempuan,Sibolga Utara,WVI,Kayu
12 sampai 15 tahun,Perempuan,Sibolga Utara,WVI,Batu
12 sampai 15 tahun,Perempuan,Sibolga Utara,WVI,Tanah
12 sampai 15 tahun,Perempuan,Sibolga Utara,WVI,Tiang jatuh
12 sampai 15 tahun,Perempuan,Sibolga Utara,WVI,Barang-barang orang hanyut
12 sampai 15 tahun,Perempuan,Sibolga Utara,WVI,"Berubah semua dari yang sebelumnya banyak rumah, lalu sekarang berkurang, lalu banyak batu dan tanah"
12 sampai 15 tahun,Perempuan,Sibolga Utara,WVI,"Saya melihat setelah selesainya banjir bandang, rumah banyak roboh/hancur, batu-batu yang besar berserakan, barang-barang berhanyutan, dll."
12 sampai 15 tahun,Perempuan,Sibolga Utara,WVI,"Waktu kejadian alam saya mendengar air sungai sangat deras, batu-batu yang hanyut, hujan yang sangat deras, tanah longsor, dll"
12 sampai 15 tahun,Perempuan,Sibolga Utara,WVI,Suara sungai mulai terdengar besar dan batu-batu yang ada di sungai bergerak dekat rumah sungai mulai luas
12 sampai 15 tahun,Perempuan,Sibolga Utara,WVI,"Hujan, air, suara batu, suara angin, suara petir"
12 sampai 15 tahun,Perempuan,Sibolga Utara,WVI,"Ingin nangis karena takut suara hujan, suara angin"
12 sampai 15 tahun,Perempuan,Sibolga Utara,WVI,"Aku ingin menemukan atau bercerita kepada teman, Tuhan, Guru, orangtua, saudara agar kita lega"
12 sampai 15 tahun,Perempuan,Sibolga Utara,WVI,"Makanan yang sudah kami makan saat bencana kemarin yaitu sup, indomie, nasi, ikan, mie, sayur"
12 sampai 15 tahun,Perempuan,Sibolga Utara,WVI,"Saya ingin ketemu sama saudara, dan saya ingin memberi tahun kepada saudara  tentang kejadian saat itu."
12 sampai 15 tahun,Perempuan,Sibolga Utara,WVI,"Makanan pada saat kejadian itu adalah indomie, nasi, roti, dan lain-lain, saya rasa makanan itu enak"
12 sampai 15 tahun,Perempuan,Sibolga Utara,WVI,Pegal
12 sampai 15 tahun,Perempuan,Sibolga Utara,WVI,Gatal-gatal
12 sampai 15 tahun,Perempuan,Sibolga Utara,WVI,Sakit
12 sampai 15 tahun,Perempuan,Sibolga Utara,WVI,"Pada saat itu, bahu saya terasa pegal, sakit, dan merasa capek, karena menyandang tas yang besar"
12 sampai 15 tahun,Perempuan,Sibolga Utara,WVI,Setelah bencana bahu mulai terasa sakit karena tidak sempat tidur nyenyak karena tidak tidur di Kasur
12 sampai 15 tahun,Perempuan,Sibolga Utara,WVI,"Sedih, takut kehilangan orangtua/adik"
12 sampai 15 tahun,Perempuan,Sibolga Utara,WVI,Gelisah
12 sampai 15 tahun,Perempuan,Sibolga Utara,WVI,Tidak senang
12 sampai 15 tahun,Perempuan,Sibolga Utara,WVI,Takut sewaktu datang hujan
12 sampai 15 tahun,Perempuan,Sibolga Utara,WVI,"Saya merasakan hati saya sedih, merasa takut, dan pedih karena melihat semuanya pada saat kejadian dan selesai kejadian"
12 sampai 15 tahun,Perempuan,Sibolga Utara,WVI,"Ingin menangis karena mendengar sibolga tidak selamat lagi, sangat sedih mendengar perkataannya ingin mendoakan agar tidak terjadi yang tidak diinginkan"
12 sampai 15 tahun,Perempuan,Sibolga Utara,WVI,Saya merasakan pingga saya sakit dan perut saya pedih karena lapar
12 sampai 15 tahun,Perempuan,Sibolga Utara,WVI,"Terasa seperti ingin datang mens yang belum pernah dirasakan, ternyata karena belum makan dari pagi terasa sakit banget"
12 sampai 15 tahun,Perempuan,Sibolga Utara,WVI,Tanganku terasa sakit karena memegang barang-barang atau baju untuk mandi
12 sampai 15 tahun,Perempuan,Sibolga Utara,WVI,Untuk makan
12 sampai 15 tahun,Perempuan,Sibolga Utara,WVI,Tangan untuk cebok
12 sampai 15 tahun,Perempuan,Sibolga Utara,WVI,Sakit
12 sampai 15 tahun,Perempuan,Sibolga Utara,WVI,Kedinginan
12 sampai 15 tahun,Perempuan,Sibolga Utara,WVI,Pegal
12 sampai 15 tahun,Perempuan,Sibolga Utara,WVI,Kesemutan
12 sampai 15 tahun,Perempuan,Sibolga Utara,WVI,"Pada saat itu saya merasakan tangan saya terasa pegal, sakit, lelah karena mengangkat barang, dll."
12 sampai 15 tahun,Perempuan,Sibolga Utara,WVI,Disuruh ngangkat air
12 sampai 15 tahun,Perempuan,Sibolga Utara,WVI,"Mengangkat batu, membantu membereskan rumah, mencuci piring"
12 sampai 15 tahun,Perempuan,Sibolga Utara,WVI,"Pada saat itu kaki saya terasa sakit, pegal, karena berlari saat kejadian bencana alam"
12 sampai 15 tahun,Perempuan,Sibolga Utara,WVI,"Capek lari, kakiku sakit, kakiku terluka"
12 sampai 15 tahun,Perempuan,Sibolga Utara,WVI,"Sakit, terluka terkena duri, berlari, mengangkat barang"
12 sampai 15 tahun,Perempuan,Sibolga Utara,WVI,"Berjalan membantu orangrua, orang lain, berlari/perlombaan lari karena mulai naik, main-main dengan teman, berjalan-jalan ke sekolah"
12 sampai 15 tahun,Laki laki,Sibolga Utara,WVI,Agak sedikit santai
12 sampai 15 tahun,Laki laki,Sibolga Utara,WVI,Rumah-rumah tidak ada lagi
12 sampai 15 tahun,Laki laki,Sibolga Utara,WVI,"Suara sungai berbunyi, batu bergetar-getar"
12 sampai 15 tahun,Laki laki,Sibolga Utara,WVI,Suara hujan
12 sampai 15 tahun,Laki laki,Sibolga Utara,WVI,Suara batu
12 sampai 15 tahun,Laki laki,Sibolga Utara,WVI,Suara petir
12 sampai 15 tahun,Laki laki,Sibolga Utara,WVI,Mau bertemu keluarga
12 sampai 15 tahun,Laki laki,Sibolga Utara,WVI,Indomie
12 sampai 15 tahun,Laki laki,Sibolga Utara,WVI,Senang
12 sampai 15 tahun,Laki laki,Sibolga Utara,WVI,Tidak ada
12 sampai 15 tahun,Laki laki,Sibolga Utara,WVI,Takut (jantung deg-deg an) dan khawatir
12 sampai 15 tahun,Laki laki,Sibolga Utara,WVI,Tidak kenapa-kenapa
12 sampai 15 tahun,Laki laki,Sibolga Utara,WVI,Tangan saya terkilir
12 sampai 15 tahun,Laki laki,Sibolga Utara,WVI,Kakiku tidak kenapa-kenapa
8 sampai 11 tahun,Laki laki,Tapsel,WVI,Saya ingin menyelamatkan orang tua
8 sampai 11 tahun,Laki laki,Tapsel,WVI,Handphone hilang
8 sampai 11 tahun,Laki laki,Tapsel,WVI,"Menyelmatkan orang, jadi super hero"
8 sampai 11 tahun,Laki laki,Tapsel,WVI,Menyelamatkan orang
8 sampai 11 tahun,Laki laki,Tapsel,WVI,"Saya pasrah jika hari ini akan mati, ternyata saya selamat. Aku merasa ketakutan dan akan hanyut dan terbawa air deras. Aku tidak takut lagi, masih berani dan tenang."
8 sampai 11 tahun,Laki laki,Tapsel,WVI,Banyak kayu
8 sampai 11 tahun,Laki laki,Tapsel,WVI,Garoga kosong
8 sampai 11 tahun,Laki laki,Tapsel,WVI,Kosong
8 sampai 11 tahun,Laki laki,Tapsel,WVI,Hancur Garoga
8 sampai 11 tahun,Laki laki,Tapsel,WVI,Kosong
8 sampai 11 tahun,Laki laki,Tapsel,WVI,Orang hanyut
8 sampai 11 tahun,Laki laki,Tapsel,WVI,Teriakan
8 sampai 11 tahun,Laki laki,Tapsel,WVI,Orang hanyut
8 sampai 11 tahun,Laki laki,Tapsel,WVI,Orang hanyut
8 sampai 11 tahun,Laki laki,Tapsel,WVI,Teriakan
8 sampai 11 tahun,Laki laki,Tapsel,WVI,Ada tiang listrik
8 sampai 11 tahun,Laki laki,Tapsel,WVI,banyak batu
8 sampai 11 tahun,Laki laki,Tapsel,WVI,banyak kayu-kayu
8 sampai 11 tahun,Laki laki,Tapsel,WVI,lihat orang hanyut
8 sampai 11 tahun,Laki laki,Tapsel,WVI,Siapapun yang mereka temui akan mereka ceritakan.
8 sampai 11 tahun,Laki laki,Tapsel,WVI,Makan roti
8 sampai 11 tahun,Laki laki,Tapsel,WVI,Makan ayam
8 sampai 11 tahun,Laki laki,Tapsel,WVI,Makan daging sapi
8 sampai 11 tahun,Laki laki,Tapsel,WVI,Air putih
8 sampai 11 tahun,Laki laki,Tapsel,WVI,Indomie dengan nasi
8 sampai 11 tahun,Laki laki,Tapsel,WVI,"Perasaannya biasa aja, bosan karna makannya itu-itu terus."
8 sampai 11 tahun,Laki laki,Tapsel,WVI,Lebih banyak merasakan sakit di tangan dan kaki
8 sampai 11 tahun,Laki laki,Tapsel,WVI,"Tidak nyaman, sering hujan dan angin kencang."
8 sampai 11 tahun,Laki laki,Tapsel,WVI,Karna di tenda takut banjir lagi
8 sampai 11 tahun,Laki laki,Tapsel,WVI,Kondisi dingin
8 sampai 11 tahun,Laki laki,Tapsel,WVI,Tidak merasakan sakit dibagian pinggang dan perut. Sakitnya di tangan dan kaki saja
8 sampai 11 tahun,Laki laki,Tapsel,WVI,"Tangan sakit, karna pegangan sama apapun agar tidak hanyut."
8 sampai 11 tahun,Laki laki,Tapsel,WVI,"Kaki sakit, karna menahan untuk bisa pegangan sama apapun agar tidak hanyut."
8 sampai 11 tahun,Laki laki,Tapsel,WVI,Kaki sakit
8 sampai 11 tahun,Laki laki,Tapsel,WVI,Kaki sakit karna main air
8 sampai 11 tahun,Laki laki,Tapsel,WVI,Kaki sakit karna main bola
8 sampai 11 tahun,Perempuan,Tapsel,WVI,"Saya  merasa sedih, takut kehilangan orang tua."
8 sampai 11 tahun,Perempuan,Tapsel,WVI,Sedih dan takut
8 sampai 11 tahun,Perempuan,Tapsel,WVI,Merasakan sedih saat banjir datang membawa gelondongan kayu
8 sampai 11 tahun,Perempuan,Tapsel,WVI,"Takut kehilangan orang tua, kakak, abang. Resah dan sakit kena kayu"
8 sampai 11 tahun,Perempuan,Tapsel,WVI,Merasa sakit hati
8 sampai 11 tahun,Perempuan,Tapsel,WVI,Gelondongan kayu besar dan air besar
8 sampai 11 tahun,Perempuan,Tapsel,WVI,"Waktu rumah indah, sekarang menjadi kayu gelondongan"
8 sampai 11 tahun,Perempuan,Tapsel,WVI,"Gelodongan kayu besar dan air besar, dulu tidak ada banjir dan kayu besar desa Garoga itu indah"
8 sampai 11 tahun,Perempuan,Tapsel,WVI,Melihat kayu gelondongan besar
8 sampai 11 tahun,Perempuan,Tapsel,WVI,"Melihat air yang besar, air mengalir terus, kayu-kayu lewat, rumah kami hancur, penghuni Garoga banyak mati, sekarang warga Garoga gak banyak lagi."
8 sampai 11 tahun,Perempuan,Tapsel,WVI,"Dulu saya sangat senang, garoga banyak pohon hijau, sekarang hancur berkeping-keping."
8 sampai 11 tahun,Perempuan,Tapsel,WVI,Banyak kayu
8 sampai 11 tahun,Perempuan,Tapsel,WVI,Garoga kosong
8 sampai 11 tahun,Perempuan,Tapsel,WVI,Kosong
8 sampai 11 tahun,Perempuan,Tapsel,WVI,Hancur Garoga kosong
8 sampai 11 tahun,Perempuan,Tapsel,WVI,"Berita tentang banyak orang mati, ternyata hoax"
8 sampai 11 tahun,Perempuan,Tapsel,WVI,Mendengar teman selamat
8 sampai 11 tahun,Perempuan,Tapsel,WVI,Mendengar orangtua bersedih
8 sampai 11 tahun,Perempuan,Tapsel,WVI,"Saya merasa sedih, takut kehilangan orang tua."
8 sampai 11 tahun,Perempuan,Tapsel,WVI,Sedih dan takut
8 sampai 11 tahun,Perempuan,Tapsel,WVI,Merasakan sedih saat banjir datang membawa gelondongan kayu
8 sampai 11 tahun,Perempuan,Tapsel,WVI,"Takut kehilangan orang tua, kakak, abang. Resah dan sakit kena."
8 sampai 11 tahun,Perempuan,Tapsel,WVI,Semoga buku-buku untuk sekolah segera datang.
8 sampai 11 tahun,Perempuan,Tapsel,WVI,"Semoga banjir tidak datang lagi, saya mau lihat garoga seperti dulu lagi banyak pohon hijau."
8 sampai 11 tahun,Perempuan,Tapsel,WVI,Saya mau uang untuk bantu orangtua membeli kebutuhan rumah.
8 sampai 11 tahun,Perempuan,Tapsel,WVI,"Saya akan ceritakan kepada bapak desa, ibu bapak bobby."
8 sampai 11 tahun,Perempuan,Tapsel,WVI,Makan roti
8 sampai 11 tahun,Perempuan,Tapsel,WVI,Makan ayam
8 sampai 11 tahun,Perempuan,Tapsel,WVI,Makan daging sapi
8 sampai 11 tahun,Perempuan,Tapsel,WVI,Air putih
8 sampai 11 tahun,Perempuan,Tapsel,WVI,Indomie dengan nasi
8 sampai 11 tahun,Perempuan,Tapsel,WVI,"Makan nasi aja dan air putih, akhirnya bisa makan lagi."
8 sampai 11 tahun,Perempuan,Tapsel,WVI,Makan nasi dengan sayur dan air putih.
8 sampai 11 tahun,Perempuan,Tapsel,WVI,"Perasaannya biasa aja, bosan karna terlalu sering makan yang sama."
8 sampai 11 tahun,Perempuan,Tapsel,WVI,Sakit karna pegal saat banjir.
8 sampai 11 tahun,Perempuan,Tapsel,WVI,Sakit karna tidur di tenda.
8 sampai 11 tahun,Perempuan,Tapsel,WVI,Sakit karna kena dorong-dorongan kayu saat banjir
8 sampai 11 tahun,Perempuan,Tapsel,WVI,Merasa sedih dan takut
8 sampai 11 tahun,Perempuan,Tapsel,WVI,"Sakit hati, karna banjir"
8 sampai 11 tahun,Perempuan,Tapsel,WVI,Setelah banjir selesai agak lebih tenang karna gak panik lagi macam waktu itu.
8 sampai 11 tahun,Perempuan,Tapsel,WVI,Pinggang pegal karna tidur tidak nyaman
8 sampai 11 tahun,Perempuan,Tapsel,WVI,Perut sakit karna banyak makan indomie
8 sampai 11 tahun,Perempuan,Tapsel,WVI,Sakit karna pegal
8 sampai 11 tahun,Perempuan,Tapsel,WVI,Sakit karna pegang apapun saat banjir
8 sampai 11 tahun,Perempuan,Tapsel,WVI,Kaki sakit karna bertahan untuk pegangan saat banjir
8 sampai 11 tahun,Perempuan,Tapsel,WVI,Kaki sakit berjalan jauh saat banjir
8 sampai 11 tahun,Perempuan,Tapsel,WVI,Kaki sakit karna setelah banjir berjalan jauh
12 sampai 15 tahun,Perempuan,Tapsel,WVI,"Saya  takut, khawatir buku sekolah dan barang kesayangan hanyut semua, takut kelaparan dan takut liat orang-orang hanyut."
12 sampai 15 tahun,Perempuan,Tapsel,WVI,"Takut , gelisah, takut hanyut."
12 sampai 15 tahun,Perempuan,Tapsel,WVI,"Saat banjir aku sama mama, tapi mamaku hanyut dan meninggal, sampai saat ini jenazahnya belum ditemukan, aku sedih banget."
12 sampai 15 tahun,Perempuan,Tapsel,WVI,"Saat banjir saya takut sekali, karna orangtua (bapak) saya hanyut, tapi alhamdulillah selamat."
12 sampai 15 tahun,Perempuan,Tapsel,WVI,Sedih dan menangis karna orangtua saya hanyut saat banjir dan yang tidak hanyut hanya saya saja.
12 sampai 15 tahun,Perempuan,Tapsel,WVI,"Disaat banjir saya tidak bisa melihat bagaimana besarnya air itu, saya berdoa kepada Allah meminta adik saya selamat tetapi tidak bisa, saya menangis melihat adik saya hanyut dan meninggal."
12 sampai 15 tahun,Perempuan,Tapsel,WVI,"Pada saat banjir saya takut karna air sudah di depan kami, saya dan keluarga sampai kami semua terdorong kereta (motor). Tapi bersyukur kami sekelurga masih selamat."
12 sampai 15 tahun,Perempuan,Tapsel,WVI,"Sesudah banjir semua jadi berbeda, semua hancur, rumah kami hancur, sunyi sekali rasanya."
12 sampai 15 tahun,Perempuan,Tapsel,WVI,Saya mau Kembali lagi kerumah kami yang dulu dan keluar dari tenda supaya bisa Kembali ziarah ke makam nenek saya.
12 sampai 15 tahun,Perempuan,Tapsel,WVI,"Setelah banjir saya melihat melihat rumah saya dan teman saya sudah tidak ada lagi, sudah hanyut dan terendam lumpur."
12 sampai 15 tahun,Perempuan,Tapsel,WVI,"Setelah tidak banjir, saya mulai senang lagi karna saya sudah berkumpul dengan keluarga saya lagi."
12 sampai 15 tahun,Perempuan,Tapsel,WVI,"Sesudah banjir saya sangat bersedih karna orang-orang banyak yang hanyut dan meninggal, termasuk rumah orang-orang, jadi kondisinya sangat berbeda."
12 sampai 15 tahun,Perempuan,Tapsel,WVI,Setelah banjir pinggangku sangat sakit karna banyak tokok kayu.
12 sampai 15 tahun,Perempuan,Tapsel,WVI,"Saat banjir dan setelahnya saya Kembali ke Garoga, saya lihat tidak ada lagi rumah kami, sudah hanyut semuanya. Saya juga ingat melihat ayah dan abang saya yang hanyut."
12 sampai 15 tahun,Perempuan,Tapsel,WVI,Saya kangen mama sangat kangen mama (dibaca; mamanya hanyut meninggal)
12 sampai 15 tahun,Perempuan,Tapsel,WVI,"Saat banjir bandang, saya dan orangtua saya sangat takut karna air besar sekali."
12 sampai 15 tahun,Perempuan,Tapsel,WVI,"Sebelumnya desa yang sangat indah dan bersih, setelahnya tidak ada lagi kampung yang saya lihat setiap hari."
12 sampai 15 tahun,Perempuan,Tapsel,WVI,Saya mendengar suara air dan kayu-kayu.
12 sampai 15 tahun,Perempuan,Tapsel,WVI,Saya mendengar ada orang yang berantam dan ada sesuatu suara yang aneh.
12 sampai 15 tahun,Perempuan,Tapsel,WVI,Saya dengar banyak cerita kalo banyak sekali yang hanyut.
12 sampai 15 tahun,Perempuan,Tapsel,WVI,Saya dengar bahwa nenek saya sudah gak ada dan mama saya belum ditemukan.
12 sampai 15 tahun,Perempuan,Tapsel,WVI,Saya mendengar dari orangtua dan saya dengar juga suara longsor.
12 sampai 15 tahun,Perempuan,Tapsel,WVI,Saya mendengar bahwa kayu-kayu yang hanyut dari PT. Sago.
12 sampai 15 tahun,Perempuan,Tapsel,WVI,"Saya sering dengar suara anjing dan kucing, suara tanah dan suara anak-anak."
12 sampai 15 tahun,Perempuan,Tapsel,WVI,"Saya mau rumah saya cepat diperbaiki, supaya nyaman dan tidak gelisah lagi."
12 sampai 15 tahun,Perempuan,Tapsel,WVI,"Saat ke puskesmas saya ketemu sama orang dan menceritakan yang saya alami, setiap ke puskesmas ketemu sama orang saya senang kalo bisa diajak main."
12 sampai 15 tahun,Perempuan,Tapsel,WVI,Saya mau rumah saya cepat diperbaiki agak saya dan keluarga saya bisa Kembali berkumpul.
12 sampai 15 tahun,Perempuan,Tapsel,WVI,"Saya ingin makan buah, supaya tidak makan itu-itu saja."
12 sampai 15 tahun,Perempuan,Tapsel,WVI,"Saya akan ceritakan ini kepada orangtua saya, pemerintah dan yang kasih kami bantuan."
12 sampai 15 tahun,Perempuan,Tapsel,WVI,Sering makan indomie
12 sampai 15 tahun,Perempuan,Tapsel,WVI,Makan ikan kaleng
12 sampai 15 tahun,Perempuan,Tapsel,WVI,"Makanan yang sama itu-itu saja, kaya indomie dan sayur."
12 sampai 15 tahun,Perempuan,Tapsel,WVI,Air putih
12 sampai 15 tahun,Perempuan,Tapsel,WVI,"Perasaaannya bosan, kadang kurang rasa juga, menunya juga itu-itu saja."
12 sampai 15 tahun,Perempuan,Tapsel,WVI,Saya merasa pegal dan sakit
12 sampai 15 tahun,Perempuan,Tapsel,WVI,Badan rasanya sakit semua dan pegal-pegal
12 sampai 15 tahun,Perempuan,Tapsel,WVI,"Aku ingin sandaran ke orang, karna merasa sangat dan lelah dan sedih kehilangan."
12 sampai 15 tahun,Perempuan,Tapsel,WVI,Sakit hati karna mengalami ini.
12 sampai 15 tahun,Perempuan,Tapsel,WVI,Menyakitkan kehilangan keluarga dan rumah
12 sampai 15 tahun,Perempuan,Tapsel,WVI,"Saya merasa terpuruk, gak tenang dan selalu merasa sedih."
12 sampai 15 tahun,Perempuan,Tapsel,WVI,Saya merasa sakit dan berat
12 sampai 15 tahun,Perempuan,Tapsel,WVI,Saya sakit hati karna banyak kehilangan harta benda.
12 sampai 15 tahun,Perempuan,Tapsel,WVI,Sakit hati dan sedih karna gak bisa ketemu dengan kampung halaman yang dulu.
12 sampai 15 tahun,Perempuan,Tapsel,WVI,"Menyakitkan karna kehilangan keluarga, jadi sunyi."
12 sampai 15 tahun,Perempuan,Tapsel,WVI,Sakit hati karna gak bisa ketemu ayah lagi di pemakaman saat bulan Ramadhan.
12 sampai 15 tahun,Perempuan,Tapsel,WVI,Setelah kena banjir pinggang saya sakit karna banyak kena tokok kayu.
12 sampai 15 tahun,Perempuan,Tapsel,WVI,"Sakit, pegal dan pernah sakit selama 1 minggu setelah banjir."
12 sampai 15 tahun,Perempuan,Tapsel,WVI,"Sakit perut bekas operasi, kambuh lagi karna sempat naik turun setelah banjir, jadi sampai muntah."
12 sampai 15 tahun,Perempuan,Tapsel,WVI,"Sakit perut, panas, pegal sampai demam."
12 sampai 15 tahun,Perempuan,Tapsel,WVI,Sering sakit perut karna kedinginan jadi masuk angin.
12 sampai 15 tahun,Perempuan,Tapsel,WVI,"Saya merasa mual, muntah, sakit perut dan sakit pinggang."
12 sampai 15 tahun,Perempuan,Tapsel,WVI,Saya suka sakit pinggang kalo jalan jauh.
12 sampai 15 tahun,Perempuan,Tapsel,WVI,Tangan pegal karna sering disuruh-suruh orangtua.
12 sampai 15 tahun,Perempuan,Tapsel,WVI,Tangan saya pegal karna sering bawa dan angkatair minum.
12 sampai 15 tahun,Perempuan,Tapsel,WVI,Sakit pegal nahan untuk pegangan saat banjir
12 sampai 15 tahun,Perempuan,Tapsel,WVI,"Sakit, pegal, nyeri"
12 sampai 15 tahun,Perempuan,Tapsel,WVI,Sakit karna harus banyak yang dikerjakan
12 sampai 15 tahun,Perempuan,Tapsel,WVI,Rasanya kram saat mencuci baju
12 sampai 15 tahun,Perempuan,Tapsel,WVI,"Setelah banjir saya tidak bisa gendong dan main sama adik saya lagi karna adik saya hanyut dan meninggal. Padahal sebelum banjir setiap hari tangan saya pegal gendong adik saya, main dan berantam bersama adik saya. Saya sedih sekali."
12 sampai 15 tahun,Perempuan,Tapsel,WVI,Airnya tidak cocok jadi bikin gatal-gatal
12 sampai 15 tahun,Perempuan,Tapsel,WVI,"Kalo mandi agak jauh, jadi kaki pegal. Ambil nasi juga jauh dan disuruh-suruh orangtua."
12 sampai 15 tahun,Perempuan,Tapsel,WVI,Saya jalan kemana aja yang penting bebas
12 sampai 15 tahun,Perempuan,Tapsel,WVI,"Kalo mandi agak jauh, ambil nasi juga jauh."
12 sampai 15 tahun,Perempuan,Tapsel,WVI,"Sakit, pegal."
12 sampai 15 tahun,Perempuan,Tapsel,WVI,"Rasanya masih sakit, karna jalan jauh dari setelah banjir."
15 sampai 17 tahun,Perempuan,Tapteng,WVI,Setelah kejadian banjir saya merasakan atau berpikiran seperti apa nantinya jika sekolah saya berhenti dikarenakan bencana yang terjadi di wilayah kami. Saya merasa cemas akan kejadian yang menimpa tempat kami ini
15 sampai 17 tahun,Perempuan,Tapteng,WVI,"Saat banjir terjadi keadaan sekitar itu membuat sedih karena yang awalnya keadaanya baik pada saat banjir menerjang hati hancur, rumah yang tenggelam di banjir dan ladang orang-orang dengan wajah tegang dan panik, sorak sorai ketakutan yang terdengar tangisan plu orang-orang berharap datangnya orang-orang hebat untuk memberi sedikit harapan. Wajah sedh orang tua wajah lelah orang-orang sekitar mengingat yang biasanya pada saat saat itu orang sekitar melakukan kegiatan dengan wajah hangat bahkan kadang canda tawa yang mengiri saat itu semuanya hanya memiliki harapan pada sang pecipta"
15 sampai 17 tahun,Perempuan,Tapteng,WVI,"Pikiran betul-betul campur aduk rasanya pikaran berat, seperti pikiran gimana rumahnya yang sudah dibawak banjir, mau tidur dimana, baju semuanya pada basah, orang tua gimana, orang-orang gimana, mau sekolah gimana. Setalah saat ini? Aku bersyukur pada Tuhan hingga saat ini masih sehat, kuat dan merasa lebih baik."
15 sampai 17 tahun,Perempuan,Tapteng,WVI,"Disaat terjadinya bencana saya merasa sedih, takut dan cemas tepat pada tanggal 25 november 2025 kami sangat membutuhkan beras, karena tidak sempat  membawa beras yang sudah teredam dirumah karena banjir bandang surut selama 4 hari. Setelah surut kami sangat capek membershkan lumpur yang setinggi paha selama 3 minggu baru bersh."
15 sampai 17 tahun,Perempuan,Tapteng,WVI,Saya merasakan pasca bencana banjr keadaan ekonommi/ keuangan keluarga kami menjadi terhambat karena akses jalan tertutup di daerah anggoli kami sekeluarga sudah pasrah ada pun bantuan itulah yang kami cukup-cukupkan untuk bertahan hidup.
15 sampai 17 tahun,Perempuan,Tapteng,WVI,Saat banjir terjadi yang saya rasakan adalah rasa ketakutan dan kegelisahaan dan sampai saat ini masih ada ketakutan tentang banjir bandang terjadi.
15 sampai 17 tahun,Perempuan,Tapteng,WVI,"Perasaan saya saat banjir terjadi adalah cemas, takut, khawatir, gelisah, sedih dan bngung."
15 sampai 17 tahun,Perempuan,Tapteng,WVI,Ekonomi orang tua menurun selama bencana.
15 sampai 17 tahun,Perempuan,Tapteng,WVI,Bahan makanan susah dan semua pada mahal-mahal
15 sampai 17 tahun,Perempuan,Tapteng,WVI,"Perasaan saya saat banjir sedang awal banjir, saya merasa cemas dan takut karena genangan air yang hampir malam kian tinggi bercampur dengan gelondongan kayu-kayu kecil dan sedang yang datang dari belakang rumah ditambah dengan campuran air dan lumpur."
15 sampai 17 tahun,Perempuan,Tapteng,WVI,Semenjak bencana kebun nenek saya rusak dan tumbang(sawitnya) dan saat itu saya sedih karena harapan satu-satunya kebun sawt itulah untuk melanjutkan pendidikan saya dan akhirnya saya tidak lanjut kuliah.
15 sampai 17 tahun,Perempuan,Tapteng,WVI,"Pada saat banjir, saya sangat sedih, gelisah, dan ketakutan karena saya sangat merasakan dampak dari bencana banjir karena posisinya saya dengan keluarga telah terkepung banjir tersebut dan menyebabkan rumah saya hanyut dan seluruh isinya."
15 sampai 17 tahun,Perempuan,Tapteng,WVI,Setelah banjir saya gelisah memikirkan keluarga yang terkena longsor dan tidak punya tempat tinggal lagi.
15 sampai 17 tahun,Perempuan,Tapteng,WVI,"Saat banjir datang banyak genangan air, banyak yang merenggut nyawa, melihat banyaknya lumpur dan pohon-pohon tumbang"
15 sampai 17 tahun,Perempuan,Tapteng,WVI,"Dari lingkungan yang banyaknya pohon dan tanaman kini mati karena bencana. Tapi semua yang saya lhat adalah bahwa kita jangan lagi mengotori lngkungan, karena sudah cukuplah bencana banjr yang melanda cinta lingkungan sehat."
15 sampai 17 tahun,Perempuan,Tapteng,WVI,"Yang berubah saya lihat yaitu dulunya kami memiliki tempat tinggal sendiri, dan sekarang telah tidak ada lag, dan yang dulunya kami bisa sekolah disekolah yang layak, tapi sekarang menjadi belajar di posko."
15 sampai 17 tahun,Perempuan,Tapteng,WVI,"Melhat orang disekitar hampir seperti kehilangan harapan situas yang tegang, tanah yang biasanya saat pagi terada lembab, saat itu di penuh air kotor barang-barang yang terbawa arus banjir, orang-orang dewasa yang berusaha melawan arus demi sedikit harapan, sedikit demi sedikit, satu persatu tempat yang awalnya untuk berteduh, tempat yang awalnya terasa nyaman terpaksa ditinggal sementara hanya untuk keselamatan setelah arus itu membawa segala yang tidak seharusnya ia bawa, di penuhi dengan tatapan penuh rasa gelisah, bagaimana keadaan selanjutnya akan dilalui, jika tempat sudah tidak seperti biasanya dinding yang sudah penuh dengan lumpur lantai yang licin dan kotor harapan itu hanya sedikit."
15 sampai 17 tahun,Perempuan,Tapteng,WVI,Kondisi lingkungan yang dipenuhi pasir dan lumpur disepanjang jalan maupun rumah setelah sebelumnya sangat bersih tanpa adanya pasir dan lumpur
15 sampai 17 tahun,Perempuan,Tapteng,WVI,"Setelah banjir bandang terjadi sangat banyak yang berubah banyak rumah yang hancur termaksud sekolah kami yang hancur jadi kami sekolah pun sangat darurat sekali, orang-orang yang kehilangan rumahnya harus rela mengungsi diposko pengungsi."
15 sampai 17 tahun,Perempuan,Tapteng,WVI,Sesudah banjir saya melihat lngkungan saya semakin kotor dan sampah ada dimana-mana.
15 sampai 17 tahun,Perempuan,Tapteng,WVI,"Ketika banjir terjadi perubahan yang terjadi antara lain, keadaan sekitar yang sudah hancur, bangunan yang bagus jadi jelek, pepohonann bertumbangan, air jernih menjadi jorok, dan perumahan yang roboh dan hancur"
15 sampai 17 tahun,Perempuan,Tapteng,WVI,"Dari sebelum terjadinya banjir yang berubah yaitu, tempat yang dulunya ndah, berkumpul bersama, kami tidak ada lagi karena habis di terjang oelh arus banjir yang kuat yang menyebabkan tempat lain rusak parah."
15 sampai 17 tahun,Perempuan,Tapteng,WVI,Dulu desa kami sangat indah pemandangan yang bagus tetapi sekarang semuanya hancur total akibat diterjang banjir bandang
15 sampai 17 tahun,Perempuan,Tapteng,WVI,"Sesudah terjadi banjir dibeberapa bulan yang lalu yaitu, banyak rumah saudara yang rusak karena banjir dan karena pohon-pohon yang tumbang akibat longsor."
15 sampai 17 tahun,Perempuan,Tapteng,WVI,Saya melihat orangtua jadi susah mencari pekerjaan dan tempat-tempat sekitar pada rusak akibat banjir
15 sampai 17 tahun,Perempuan,Tapteng,WVI,"Saya melhat perubahaan yang ada di lingkungan seperti adanya kegiatan atau kebersamaan antara sesama, saling membantu dalam keadaan susah dan bisa bertemu lagi dengan teman-teman dan keluarga dalam keadaan sehat."
15 sampai 17 tahun,Perempuan,Tapteng,WVI,Yang saya dengar terjadi pada saat bencana ada beberapa saudara yang menjadi korban jiwa akibat terjadinya longsor
15 sampai 17 tahun,Perempuan,Tapteng,WVI,"Saya dengar tentang mikirkan tempat tinggal untuk bernaung, karena rumah kami telah hancur dengan adanya bencana"
15 sampai 17 tahun,Perempuan,Tapteng,WVI,Saya dengar setelah bencana ini adalah adanya keluarga yang kehilangan rumah dan juga banyaknya korban jiwa di berbagai tempat atau daerah
15 sampai 17 tahun,Perempuan,Tapteng,WVI,"Saya dengar bagaimana kondisi sekolah, bagaimana nanti untuk melaksanakan ujian UKK dan Ujian Sekolah lainnya"
15 sampai 17 tahun,Perempuan,Tapteng,WVI,Saya dengar menurunnya/ sulit mendapat pekerjaan terhalang akibat bencana hilangnya rumah warga
15 sampai 17 tahun,Perempuan,Tapteng,WVI,"Banyaknya rumah-rumah yang rusak parah dan ada juga yang kehilangan banyak nyawa, keluarga bahkan teman-teman"
15 sampai 17 tahun,Perempuan,Tapteng,WVI,"Masih gelap, tapi suara tekanan dari segala arah saling bersautan suara tangisan anak-anak yang terasa memiluhkan, suara derasnya hujan dan air yang saling menabrak tanah dan rumah sekitar arus yang memamerkan suaraa kerasnya dan betapa besarnya air pada saat itu, orang dewasa, anak-anak, dan remaja yang menyebut nama-nama yang mereka sayangi untuk salng menguatkan."
15 sampai 17 tahun,Perempuan,Tapteng,WVI,"Kekuirangan bahan pokok makanan, apalagi air bersih yang paling di butuhkan masyarakat"
15 sampai 17 tahun,Perempuan,Tapteng,WVI,"Banyak yang kehilangan tempat tinggal, rumah pada hancur yang paling mirisnya lagi kehilangan nyawa."
15 sampai 17 tahun,Perempuan,Tapteng,WVI,Saya dengar selama bencana ini banyak orang yang mengeluh akibat bencana kemarin terutama soal tempat tinggal mereka yang banyak hancur dan kerusakan lainnya.
15 sampai 17 tahun,Perempuan,Tapteng,WVI,"Kehilangan rumah akibat dibawa banjir, dan kehilangan nyawa akibat longsor"
15 sampai 17 tahun,Perempuan,Tapteng,WVI,Saya dengar setelah banjir bandang terjadi banyak orang yang mengeluh tentang betapa sakitnya yang terjadi saat bencana karena mereka harus kehilangan keluarga ataupun rumah-rumah mereka.
15 sampai 17 tahun,Perempuan,Tapteng,WVI,Kehilangan nyawa
15 sampai 17 tahun,Perempuan,Tapteng,WVI,"Saya dengarkan banyaknya yang kehilangan rumah, kehilangan orang tersayang, contohnya korban bencana banjir ekonomi yang mulai tidak membaik"
15 sampai 17 tahun,Perempuan,Tapteng,WVI,"Kalau dikasih kesempatan untuk bertemu saudara jauh, kalau tentang makanan atau minuman, tidak berkekurangan dan semuanya makanan dan minuman sudah bisa bergantian dan makanan bergizi"
15 sampai 17 tahun,Perempuan,Tapteng,WVI,"Saya mau cerita kepada Pak Prabowo, karena saya sedih tidak dapat lanjut kuliah karena kebun sawit rusak orangtua jadi tidak sanggup biayain. Selama 1 bulan hampir setiap hari makan indomie"
15 sampai 17 tahun,Perempuan,Tapteng,WVI,"Memanggil nama mereka yang salng menyayangi, mengucapkan kata-kata permohonan kepada sang pencipta meneriakkan apapun yang mereka rasakan dengan suara sedih dan senduh"
15 sampai 17 tahun,Perempuan,Tapteng,WVI,"Setelah banjir saya mau ketemu dengan Kakak. Saya mau menceritakan tentang bahan makanan yang mulai menipis, dan bahan-bahan yang mau dibeli pun tidak ada di jual karena bencana alam."
15 sampai 17 tahun,Perempuan,Tapteng,WVI,Saya rasakan selama bencana ni saya merasakan makanan yang selama bencana ini saya konsumsi kurang sehat dikarenakan semuanya serba instan dan juga disaat itu kami kesusahan atau kekurangan air bersih.
15 sampai 17 tahun,Perempuan,Tapteng,WVI,"Saya ingin bertemu dengan bapak Bupati pasca banjir Tapteng makanan yang kami makan hanya indomie, telur, itupun makanannya kurang sehat tapi apalah daya kami terpaksa memakannya agar bisa bertahan hidup."
15 sampai 17 tahun,Perempuan,Tapteng,WVI,"Untuk kesempatan bertemu, saya ingin bertemu pemerintah Kota dan Daerah. yang dikonsumsi seminggu kemarin yaitu makanan instan, rasanya bosan."
15 sampai 17 tahun,Perempuan,Tapteng,WVI,Orang yang mau diketemui Pemerintah dan orang yang mempunyai jabatan tentang warga Negar. Makanan yang dikonsumsi belum dapat MBG jadi tidak tahu rasanya
15 sampai 17 tahun,Perempuan,Tapteng,WVI,Selama bencana kemarin makan-makanan yang kurang sehat karna bahan pangan semua pada naik dan untuk air minum kami juga susah karna air juga mati
15 sampai 17 tahun,Perempuan,Tapteng,WVI,"Saudara atau keluarga jauh, untuk menceritakan kondisi saat banjir dan setelah banjir, makanan 1 minggu terakhir ikan laut, telur, sayur dikarena pada saat banjir hampir satu minggu makan mie instan"
15 sampai 17 tahun,Perempuan,Tapteng,WVI,"Saudara jauh atau keluarga saya, saya ingin menceritakan yang saya rasakan saat bencana. Makanan 1 minggu terakhir yang itu-itu saja telur dan kadang ikan."
15 sampai 17 tahun,Perempuan,Tapteng,WVI,Saya rasakan selama bencana kemarin saya merasa makanan yang saya konsumsi kurang sehat karena makanannya serba instan dan juga air pada saat itu susah.
15 sampai 17 tahun,Perempuan,Tapteng,WVI,"Setelah banjir bandang terjadi persediaan makanan kami sangat kritis kami harus berhemat-hemat dan makan telur dan intermi, kalau saya diberi kesempatan saya ingin bertemu dengan Pak Prabowo karna saya ingin menceritakan tentang kondisi kami."
15 sampai 17 tahun,Perempuan,Tapteng,WVI,Setelah terjadi banjir badan saya capek dan lemas akibat membersihkan rumah yang terkenak banjir
15 sampai 17 tahun,Perempuan,Tapteng,WVI,"Saya merasakan badan saya semua sakit karena pada saat kejadian banjir posisinya hujan lebat dan kami disitu tidak ada perlindungan, setelah dari kejadian itu badan saya sakit"
15 sampai 17 tahun,Perempuan,Tapteng,WVI,"Bahu saya terasa capek, lelah karena setiap hari menimba air sumur"
15 sampai 17 tahun,Perempuan,Tapteng,WVI,Pegal-pegal pada badan dikarenakan harus mengambil air dari rumah tetangga karena sumur sudah terisi oleh lumpur sehingga tidak bisa mengambil
15 sampai 17 tahun,Perempuan,Tapteng,WVI,Saya merasakan selama banjir kemarin bahu dan badan saya cape dan lelah karena kesulitan mengangkat air bersih untuk dipakai di rumah.
15 sampai 17 tahun,Perempuan,Tapteng,WVI,"Terasa sakit, berat, lelah seperti menahan beban yang mungkin tak seharusnya saat itu dirasakan rasa sakit yang tak seperti biasa yang harus ditahan karena keadaan dan situasi memaksa harus sanggup merasakannya."
15 sampai 17 tahun,Perempuan,Tapteng,WVI,"Capek, pegal, pusng, karena membersihkan rumah yang kenak lumpur mulai dari mencangkul, menyorong, menyekop, memtumbilang selama 3 minggu tiada henti dari pagi-sore."
15 sampai 17 tahun,Perempuan,Tapteng,WVI,"Setelah terjadi banjir bandang terjadi yang saya rasakan adalah badan saya terasa sakit, gatal-gatal terus saya juga kurang enak badan, kepala pusing."
15 sampai 17 tahun,Perempuan,Tapteng,WVI,"Yang dirasakan bahu yaitu sakit, capek, pegal karena membersihkan rumah sendiri dan membantu memebrshkan rumah orang lain."
15 sampai 17 tahun,Perempuan,Tapteng,WVI,"Dari awal banjir sampai sekarang, badan terasa lelah dan capek karena membersihkan rumah dari lumpur yang tebal."
15 sampai 17 tahun,Perempuan,Tapteng,WVI,"Capek dan sekaranf tidsk terlalu, sudah lega dengan semua karena semua yang kita rasakan bencana yang pertama kali jadi capek banget."
15 sampai 17 tahun,Perempuan,Tapteng,WVI,Capek karna selama bencana air mati jadi tiap hari mengangkat air untuk dijadikan air minum dan untuk mandi.
15 sampai 17 tahun,Perempuan,Tapteng,WVI,"Saya merasakan pegal-pegal, kelelahan setelah kejadian banjir."
15 sampai 17 tahun,Perempuan,Tapteng,WVI,"Perasaan terjadinya banjir, sudah pasti sedih, kenapa? Ya karena banjir membuat saya kebingungan atau susah dalam melanjutkan sekolah saya, banyak impian yang mungkn buat saya bimbang dalam menentukan gimana kelanjutan sekolah."
15 sampai 17 tahun,Perempuan,Tapteng,WVI,"Saya rasakan yaitu kecemasan, risau, dikarenakan putusnya alat komunikasi atau transportasi. Saya merasa sedih karena tidak bisa berkomunikasi kepada keluarga yang jauh."
15 sampai 17 tahun,Perempuan,Tapteng,WVI,"Sedih melihat kondisi lingkungan, sedih pada saat banyaknya mendengar sampai ada yang meninggal dan kondisi perekonomian"
15 sampai 17 tahun,Perempuan,Tapteng,WVI,Trauma karna bencana ini pertama kali terjadi seperti ini dan banyak memakan korban dan kehilangan keluarga dan juga kehilangan tempat tinggal.
15 sampai 17 tahun,Perempuan,Tapteng,WVI,Sedih banget kehilangan dan yah tentuhnya sedih banget
15 sampai 17 tahun,Perempuan,Tapteng,WVI,Saya merasa sedih pada saat bencana terjad kemarin karena abang dan kakak saya tidak bisa menghubungi kami karena jaringan pada saat itu hilang beberapa hari dan juga keluarga yang lain sulit dikabarin.
15 sampai 17 tahun,Perempuan,Tapteng,WVI,Masih membekas dipikiran saya adalah pada saat banjir kaya dari pagi belum makan sampai sore pada saat sebelum penyelamatan dan saya disitu kedinginan dan takut gelisah.
15 sampai 17 tahun,Perempuan,Tapteng,WVI,"Saya trauma, pikiran kacau saat bencana saya menangis takut airnya bakalan besar dan merenung-renung gimana keadaan rumah gimana barang-barang rumah apakah masih ada dan tidak."
15 sampai 17 tahun,Perempuan,Tapteng,WVI,Hati saya sedih melihat orang yang nyawanya hilang karena terkena longsor dan saya cemas akibat tidak boleh menghubungi keluarga karena jaringan tidak ada dan listrik mati
15 sampai 17 tahun,Perempuan,Tapteng,WVI,Perasaan yang saya rasakan setelah banjir bandang terjadi adalah sampai saat in ketakutan yang begitu mendalam saya sangat takut banjir itu terjadi lagi saya sangat sedih karena desa saya banyak yang hancur.
15 sampai 17 tahun,Perempuan,Tapteng,WVI,Perasaan yang saya rasakan dari awak banjir sampai sekarang yaitu sedih dan haru karena banjir yang sangat besar dari sebelum-sebelum banjir yang telah terjadi kini.
15 sampai 17 tahun,Perempuan,Tapteng,WVI,"Pada saat banjir yang saya pikirkan, bagaimana perekonomian keluarga pada saat itu, dikarenakan susahnya pencarian pada saat itu."
15 sampai 17 tahun,Perempuan,Tapteng,WVI,Sedih trauma setiap malam saya berdoa agar bencana ini tidak berulang lagi.
15 sampai 17 tahun,Perempuan,Tapteng,WVI,"Hancur, sakit, sedih, rapuh, ingin menyampaikan pada siapapun yang saat itu siap namun tak ada yang siap, gelisah yang terasa menghantui dan terus mengikuti."
15 sampai 17 tahun,Perempuan,Tapteng,WVI,Perut saya jadi kelaparan dan pinggang saya kerasa sakit akibat memebrsihkan rumah
15 sampai 17 tahun,Perempuan,Tapteng,WVI,Pada saat setelah banjir sempat mengalami diare tetapi sekarang sudah tidak merasakannya lagi
15 sampai 17 tahun,Perempuan,Tapteng,WVI,Setelah banjir bandang terjadi perut saya terasa sakit karena makanan yang sangat memperhantikan dan pinggang saya sakit karena membersihkan rumah.
15 sampai 17 tahun,Perempuan,Tapteng,WVI,Saya tidak merasakan apa-apa didalam perut saya
15 sampai 17 tahun,Perempuan,Tapteng,WVI,Kelaparan
15 sampai 17 tahun,Perempuan,Tapteng,WVI,"Pinggang terasa sakit dan kram, perut yang dipaksa menerima apapun yang ada beras basah yang dimasakan dengan alat seadanya merasakan lapar yang ditahan karena keadaan memaksa, durian tak berasa pun tetap disantap dan kerak nasi dari periuk yang tetap di makan dengan tangan gemetar"
15 sampai 17 tahun,Perempuan,Tapteng,WVI,Semenjak saya memakan indomie perut saya menjadi sakit 1 minggu yang lalu saya pergi berobat ke rumah sakit dan sekarang saya sudah sembuh
15 sampai 17 tahun,Perempuan,Tapteng,WVI,"Waktu bencana perut sakit semua dimakan apa yang ada Durian, Indomie, Rambutan, Manggis, satu harian mau tidak masuk nasi dan sampai sekarang asam lambung sering terjadi."
15 sampai 17 tahun,Perempuan,Tapteng,WVI,Saya merasa perut saya sering sakit dan badan saya kurang enak
15 sampai 17 tahun,Perempuan,Tapteng,WVI,Saya merasa kelaparan dan sakit perut
15 sampai 17 tahun,Perempuan,Tapteng,WVI,Pinggang saya sakit dan perut saya kembung
15 sampai 17 tahun,Perempuan,Tapteng,WVI,Saya tidak merasakan apa-apa di bagian pinggang dan perut.
15 sampai 17 tahun,Perempuan,Tapteng,WVI,Yang saya lakukan karena air lagi susah saya selalu mengangkat air untuk air minum dan saya juga sering menulis dengan tangan dan mengerjakan pekerjaan lama seperti bersih-bersih
15 sampai 17 tahun,Perempuan,Tapteng,WVI,Sering mengambil ar dirumah tetangga menyuci baju yang terkena lumpur menulis materi pembelajaran
15 sampai 17 tahun,Perempuan,Tapteng,WVI,Membersihkan lumpur/kotoran bekas bencana kemarin selama 2 hari.
15 sampai 17 tahun,Perempuan,Tapteng,WVI,Tangan saya merasa pegal akibat menulis menggunakan paha bukan meja dan saya sekarang lebih sering membersihkan rumah karena rumah terkena banjir dan lumpur
15 sampai 17 tahun,Perempuan,Tapteng,WVI,Membersihkan lumpur di sekolah dan menimbah air sumur
15 sampai 17 tahun,Perempuan,Tapteng,WVI,"Saya menggunakan tangan saya untuk mencangkul tanah bekas bencana, membersihkan lumpur di rumah."
15 sampai 17 tahun,Perempuan,Tapteng,WVI,Menggunakan peralatan-peralatan untuk bersihkan lumpur.
15 sampai 17 tahun,Perempuan,Tapteng,WVI,Kalau sekarang yang tangan jadi sering untuk membantu mamak mencuci dan membereskan rumah tapi tentunya tidak paksaan.
15 sampai 17 tahun,Perempuan,Tapteng,WVI,Membersihkan lumpur dan mengangkat kayu yang terbawa arus banjir
15 sampai 17 tahun,Perempuan,Tapteng,WVI,"Yang tangan saya pegang setelah banjir adalah lumpur, becek karena membersihkan rumah"
15 sampai 17 tahun,Perempuan,Tapteng,WVI,"Yang tangan saya pegang setelah banjir adalah lumpur, becek karena membersihkan rumah"
15 sampai 17 tahun,Perempuan,Tapteng,WVI,"Tangan gemetar karena lelah dan kelamaan diair saat banjir harus mengangjkat kayu-kayu dan membersihkan lumpur yang melebihi lantai dirumah selalu menyentuh sampah dan ranting kayu yang berserakan di dapur , kamar mandi, dan halaman."
15 sampai 17 tahun,Perempuan,Tapteng,WVI,Saya menggunakan tangan saya pada bencana kemarin untuk membersihkan lumpur-lumpur yang di dalam dan di sekitar rumah saya.
15 sampai 17 tahun,Perempuan,Tapteng,WVI,Kegiatan tangan yang sering di lakukan adalah membersihkan dari diri sendiri tanpa ada paksaan.
15 sampai 17 tahun,Perempuan,Tapteng,WVI,"Aktivitas yang di lakukan setelah adanya banjir yaitu, membeli kebutuhan di pasar, mengambil air di dekat gunung, mengambil minyak di pom bensin."
15 sampai 17 tahun,Perempuan,Tapteng,WVI,Jalan kaki dari Aek Horsik ke Pandan untuk mencari beras dan membersihkan rumah sampai kaki kenak kaca dan kenak paku karena benda tajam tertutup lumpur.
15 sampai 17 tahun,Perempuan,Tapteng,WVI,Kaki saya capek dan letih karena menunggu antrian pembagian beras bulog di gudang tempatnya di pondok batu.
15 sampai 17 tahun,Perempuan,Tapteng,WVI,Kaki saya terasa sakit semenjak jalan akses tertutup mulai dari rumah kami rela berjalan kaki sampai ke Pandan demi mengambil beras.
15 sampai 17 tahun,Perempuan,Tapteng,WVI,Kaki saya terasa capek karena mengantri beras bulog di Pondok Batu
15 sampai 17 tahun,Perempuan,Tapteng,WVI,Pergi ke rumah nenek untuk mengungsi pada saat banjir
15 sampai 17 tahun,Perempuan,Tapteng,WVI,Kaki saya kerasa capek karena memndahkan barang-barang supaya tidak terkenak banjir dan kaki saya capek karena nunggu bensin yang susah dicari atau di dapatkan.
15 sampai 17 tahun,Perempuan,Tapteng,WVI,Tidak merasakan capek karna cuman jalan
15 sampai 17 tahun,Perempuan,Tapteng,WVI,"Melangkahkan kaki ke Sarudik menumpang mobil orang lain agar sampai lebih cepat demi sedikit beras untuk melanjutkan hidup saat itu, ke kebun mengikuti tetangga dan menemani untuk melihat durian agar ada makanan."
15 sampai 17 tahun,Perempuan,Tapteng,WVI,"Kesekolah untuk belajar, membawa air ke rumah setelah diambil"
15 sampai 17 tahun,Perempuan,Tapteng,WVI,"Setelah banjir saya harus berjalan kaki untuk mencari jaringan untuk menghubungi keluarga, dan saya harus berjalan kaki ke Sibolga untuk mengambil beras karena harga beras yang sangat mahal"
15 sampai 17 tahun,Perempuan,Tapteng,WVI,"Saya pergi ke sekolah untuk belajar, dan juga saya sering pergi mengangkat air untuk tujuan mendapatkan air bersih"
15 sampai 17 tahun,Perempuan,Tapteng,WVI,Saya melakukan kativitas mengelilingi keadaan sekitar dan melihat-lihat.
15 sampai 17 tahun,Laki laki,Tapteng,WVI,Cara memulai dari nol
15 sampai 17 tahun,Laki laki,Tapteng,WVI,Takut kejadiannya terulang lagi
15 sampai 17 tahun,Laki laki,Tapteng,WVI,Rumah yang hancur sampai sekarang masih terpikirkan
15 sampai 17 tahun,Laki laki,Tapteng,WVI,"Yang saya pikirkan saat masa bencana tahun lalu yaitu gimana keadaan rumah kami di kampung entah masih layak ditempati atau tidak karena informasi dari pemerintah bahwa kampung kami dalam zona merah, dan gimana perekonomian kedepannya"
15 sampai 17 tahun,Laki laki,Tapteng,WVI,Dulu waktu banjir air masih mudah didapatkan tetapi sekarang sulit
15 sampai 17 tahun,Laki laki,Tapteng,WVI,Pekerjaan orangtua makin sulit didapatkan dan susah
15 sampai 17 tahun,Laki laki,Tapteng,WVI,Ekonomi susah
15 sampai 17 tahun,Laki laki,Tapteng,WVI,"Yang dulunya sepulang sekolah atau kegiatan lain pulangnya itu ke rumah tetapi setelah bencana ini kami pulangnya ke kontrakan, dan yang dulunya kami tidak kesulitan dapat air bersih, sekarang kami kesulitan dapat atau kekurangan air bersih."
15 sampai 17 tahun,Laki laki,Tapteng,WVI,Yang berubah di hidupku setelah banjir yang dulunya    pulang sekolah langsung ke rumah sekarang harus mengungsi di Posko
15 sampai 17 tahun,Laki laki,Tapteng,WVI,Kabar-kabar orang lain yang terkena bencana yang katanya lebih parah daripada yang di daerah sini
15 sampai 17 tahun,Laki laki,Tapteng,WVI,Sering dengar orangtua ngomong setelah bencana mencari mata pencaharian jadi sulit
15 sampai 17 tahun,Laki laki,Tapteng,WVI,Harus rajin belajar
15 sampai 17 tahun,Laki laki,Tapteng,WVI,"Kesulitan mencari air, kesulitan mencari uang"
15 sampai 17 tahun,Laki laki,Tapteng,WVI,Tidak punya tempat tinggal
15 sampai 17 tahun,Laki laki,Tapteng,WVI,Saya ingin ngomong dengan orang terpercaya
15 sampai 17 tahun,Laki laki,Tapteng,WVI,Mau cerita kalau semenjak banjir masalah jadi makin banyak
15 sampai 17 tahun,Laki laki,Tapteng,WVI,Mau ketemu dengan kakak dan saudara yang lain karena ingin bercerita tentang gimana keadaan kami selama bencana ini
15 sampai 17 tahun,Laki laki,Tapteng,WVI,- Pemerintah juga telah menyediakan tempat kami sementara di tenda dan menyediakan makanan dan minuman
15 sampai 17 tahun,Laki laki,Tapteng,WVI,Saya merasa senang karena pemerintah peduli kepada kami
15 sampai 17 tahun,Laki laki,Tapteng,WVI,Sama orangtua bapak/ibu ingin menceritakan bencana banjir ini dan menceritakan semua kejadian yang telah terjadi kepada kami
15 sampai 17 tahun,Laki laki,Tapteng,WVI,Indomie dan telur nasi yang konsumsi akhir-akhir ini
15 sampai 17 tahun,Laki laki,Tapteng,WVI,Rasanya bahunya cape karena angkat air
15 sampai 17 tahun,Laki laki,Tapteng,WVI,Membersihkan rumah sendiri karena anak satu-satunya
15 sampai 17 tahun,Laki laki,Tapteng,WVI,Badan sakit setelah benturan kayu yang terbawa banjir saat tidur di hari terjadinya banjir di pagi hari
15 sampai 17 tahun,Laki laki,Tapteng,WVI,Disaat kami berangkat dari rumah pada masa bencana besoknya itu pundak saya merasa pegal dan badan saya juga karena beban yang kami bawa dan perjalanan yang sangat jauh
15 sampai 17 tahun,Laki laki,Tapteng,WVI,"Waktu banjir dan longsor rasanya takut terjadi sesuatu yang sangat buruk yang tidak diinginkan, karena banyaknya orang meninggal"
15 sampai 17 tahun,Laki laki,Tapteng,WVI,Tidak bisa ketemu teman sekolah selama sebulan
15 sampai 17 tahun,Laki laki,Tapteng,WVI,Tidak bisa merasakan belajar normal seperti orang lain
15 sampai 17 tahun,Laki laki,Tapteng,WVI,Perasaan yang sangat masih membekas adalah kehilangan tempat tinggal dan kehilangan barang-barang yang sangat istimewa yang diberikan orangtua 5 tahun lalu
15 sampai 17 tahun,Laki laki,Tapteng,WVI,"Saat ini saya merasa bahagia karena saya dan keluarga serta teman-teman dilindungi oleh Tuhan sehingga saat ini dapat bertemu dan saling berkomunikasi, tetapi saya juga di kampung dan perekonomian masih belum pulih"
15 sampai 17 tahun,Laki laki,Tapteng,WVI,Tidak ada yang dirasakan yang terganggu
15 sampai 17 tahun,Laki laki,Tapteng,WVI,Terkadang perut sakit karena makan tidak teratur
15 sampai 17 tahun,Laki laki,Tapteng,WVI,Perutnya sering sakit karena makan indomie
15 sampai 17 tahun,Laki laki,Tapteng,WVI,Makan-makanan siap/cepat saji
15 sampai 17 tahun,Laki laki,Tapteng,WVI,Belajar di sekolah
15 sampai 17 tahun,Laki laki,Tapteng,WVI,Bersih-bersih di rumah
15 sampai 17 tahun,Laki laki,Tapteng,WVI,Terkadang juga memasak
15 sampai 17 tahun,Laki laki,Tapteng,WVI,Bekerja dan membantu memberihkan rumah warga dan membatu membersihkan sekolah dan belajar di sekolah
15 sampai 17 tahun,Laki laki,Tapteng,WVI,Membersihkan sisa banjir dengan tangan
15 sampai 17 tahun,Laki laki,Tapteng,WVI,Sering menulis tanpa meja di sekolah
15 sampai 17 tahun,Laki laki,Tapteng,WVI,Tangan jadi sakit karena membersihkan lumpur
15 sampai 17 tahun,Laki laki,Tapteng,WVI,Pada saat bencana jalan kaki dari rumah ketempat pengungsian
15 sampai 17 tahun,Laki laki,Tapteng,WVI,Belanja makanan pada saat bencana tanpa kendaraan
15 sampai 17 tahun,Laki laki,Tapteng,WVI,Ke sekolah dan berangkat kerja bakti membantu membersihkan rumah warga dan bekerja mencari uang
15 sampai 17 tahun,Laki laki,Tapteng,WVI,Jalan kaki ke simpang rumah karena jalannya rusak
15 sampai 17 tahun,Laki laki,Tapteng,WVI,Waktu mati lampu seminggu jalan kaki jauh mengisi daya HP